{
  "location 0": {
    "location_to 1": 6.60703519528503,
    "location_to 2": 40.42172412022102,
    "location_to 3": 94.81540680321731,
    "location_to 4": 104.90538532399415,
    "location_to 5": 43.7032527706436,
    "location_to 6": 101.49920079603058,
    "location_to 7": 125.53850717554305,
    "location_to 8": 118.9665983425717,
    "location_to 9": 131.17644236608228,
    "location_to 10": 159.4241909830587,
    "location_to 11": 107.91913029440863,
    "location_to 12": 117.26316808970226,
    "location_to 13": 128.3478434537724,
    "location_to 14": 42.1194257033122,
    "location_to 15": 43.00929890330877,
    "location_to 16": 86.806356901874,
    "location_to 17": 121.71431814905456,
    "location_to 18": 92.06744520659957,
    "location_to 19": 152.40260934108815
  },
  "location 1": {
    "location_to 0": 6.60703519528503,
    "location_to 2": 39.916763753380316,
    "location_to 3": 96.9071840613225,
    "location_to 4": 109.5136807021869,
    "location_to 5": 50.28829975618342,
    "location_to 6": 106.67511022472013,
    "location_to 7": 129.8697326069102,
    "location_to 8": 119.99075770998077,
    "location_to 9": 134.0748414518044,
    "location_to 10": 158.60166632305481,
    "location_to 11": 109.62562142319665,
    "location_to 12": 119.4323163662271,
    "location_to 13": 132.4262815060802,
    "location_to 14": 48.45329868332663,
    "location_to 15": 42.136277724715924,
    "location_to 16": 88.04024382014167,
    "location_to 17": 119.86040007711665,
    "location_to 18": 96.70391497501089,
    "location_to 19": 151.32979331596047
  },
  "location 2": {
    "location_to 0": 40.42172412022102,
    "location_to 1": 39.916763753380316,
    "location_to 3": 60.94078070635814,
    "location_to 4": 86.13789898382326,
    "location_to 5": 61.59337042693872,
    "location_to 6": 88.15464833162541,
    "location_to 7": 103.55005406626037,
    "location_to 8": 81.00358967565936,
    "location_to 9": 100.1447214694122,
    "location_to 10": 119.00699741695973,
    "location_to 11": 72.19018958459242,
    "location_to 12": 83.16807669357742,
    "location_to 13": 104.42341971738036,
    "location_to 14": 53.78819137327083,
    "location_to 15": 3.3434523274736656,
    "location_to 16": 49.83725166274759,
    "location_to 17": 81.98949299552618,
    "location_to 18": 74.48227043250873,
    "location_to 19": 111.99974085635702
  },
  "location 3": {
    "location_to 0": 94.81540680321731,
    "location_to 1": 96.9071840613225,
    "location_to 2": 60.94078070635814,
    "location_to 4": 46.60515563943017,
    "location_to 5": 88.60188910377568,
    "location_to 6": 57.51188114988088,
    "location_to 7": 53.6504303948927,
    "location_to 8": 29.580841053230056,
    "location_to 9": 39.67029155516753,
    "location_to 10": 83.57768238636655,
    "location_to 11": 14.335418501385712,
    "location_to 12": 22.534696359952832,
    "location_to 13": 51.475884257196185,
    "location_to 14": 79.10899791035412,
    "location_to 15": 60.62991671690997,
    "location_to 16": 14.904947879043212,
    "location_to 17": 68.93811871029583,
    "location_to 18": 42.98969284634641,
    "location_to 19": 80.61896816333989
  },
  "location 4": {
    "location_to 0": 104.90538532399415,
    "location_to 1": 109.5136807021869,
    "location_to 2": 86.13789898382326,
    "location_to 3": 46.60515563943017,
    "location_to 5": 78.13335971355882,
    "location_to 6": 13.887786125578197,
    "location_to 7": 21.554919329950536,
    "location_to 8": 69.72605125883952,
    "location_to 9": 45.48949127360915,
    "location_to 10": 124.48190281348137,
    "location_to 11": 54.55897276028637,
    "location_to 12": 50.119521168688685,
    "location_to 13": 26.38236016984227,
    "location_to 14": 71.21485788842996,
    "location_to 15": 87.57699398564444,
    "location_to 16": 59.1423862541298,
    "location_to 17": 115.48564202645346,
    "location_to 18": 12.841419563322264,
    "location_to 19": 123.36461314366733
  },
  "location 5": {
    "location_to 0": 43.7032527706436,
    "location_to 1": 50.28829975618342,
    "location_to 2": 61.59337042693872,
    "location_to 3": 88.60188910377568,
    "location_to 4": 78.13335971355882,
    "location_to 6": 70.03941233517115,
    "location_to 7": 99.65579945679201,
    "location_to 8": 117.62668829451323,
    "location_to 9": 115.87979379575539,
    "location_to 10": 167.72385108142998,
    "location_to 11": 102.93202738144763,
    "location_to 12": 108.2167676324628,
    "location_to 13": 104.30140943331403,
    "location_to 14": 9.658941603794784,
    "location_to 15": 64.92796135583849,
    "location_to 16": 87.49459212026748,
    "location_to 17": 138.1198163726625,
    "location_to 18": 66.28092818005793,
    "location_to 19": 162.56032126257594
  },
  "location 6": {
    "location_to 0": 101.49920079603058,
    "location_to 1": 106.67511022472013,
    "location_to 2": 88.15464833162541,
    "location_to 3": 57.51188114988088,
    "location_to 4": 13.887786125578197,
    "location_to 5": 70.03941233517115,
    "location_to 7": 31.817376488217864,
    "location_to 8": 82.55320292398628,
    "location_to 9": 59.279924099465475,
    "location_to 10": 137.59267957168882,
    "location_to 11": 66.97898161431533,
    "location_to 12": 63.5506646951108,
    "location_to 13": 37.90085502434039,
    "location_to 14": 64.3247937922324,
    "location_to 15": 90.04505493299679,
    "location_to 16": 68.56059336881263,
    "location_to 17": 126.28734536338769,
    "location_to 18": 15.515468590046488,
    "location_to 19": 136.11892017248815
  },
  "location 7": {
    "location_to 0": 125.53850717554305,
    "location_to 1": 129.8697326069102,
    "location_to 2": 103.55005406626037,
    "location_to 3": 53.6504303948927,
    "location_to 4": 21.554919329950536,
    "location_to 5": 99.65579945679201,
    "location_to 6": 31.817376488217864,
    "location_to 8": 68.67217585628603,
    "location_to 9": 34.19204087911122,
    "location_to 10": 120.31288085897343,
    "location_to 11": 56.28463862963088,
    "location_to 12": 47.40905503017826,
    "location_to 13": 6.940403877314025,
    "location_to 14": 92.76311489414553,
    "location_to 15": 104.56434264125727,
    "location_to 16": 68.21309175310522,
    "location_to 17": 119.20653570516403,
    "location_to 18": 34.03480802258108,
    "location_to 19": 120.81458523258
  },
  "location 8": {
    "location_to 0": 118.9665983425717,
    "location_to 1": 119.99075770998077,
    "location_to 2": 81.00358967565936,
    "location_to 3": 29.580841053230056,
    "location_to 4": 69.72605125883952,
    "location_to 5": 117.62668829451323,
    "location_to 6": 82.55320292398628,
    "location_to 7": 68.67217585628603,
    "location_to 9": 39.6748887632952,
    "location_to 10": 55.210244915797816,
    "location_to 11": 16.10915487983989,
    "location_to 12": 21.27037496971075,
    "location_to 13": 63.857187193303936,
    "location_to 14": 108.04266233694247,
    "location_to 15": 79.66438544256086,
    "location_to 16": 32.24020210915405,
    "location_to 17": 52.45209715206871,
    "location_to 18": 69.6829664738806,
    "location_to 19": 53.638713761626896
  },
  "location 9": {
    "location_to 0": 131.17644236608228,
    "location_to 1": 134.0748414518044,
    "location_to 2": 100.1447214694122,
    "location_to 3": 39.67029155516753,
    "location_to 4": 45.48949127360915,
    "location_to 5": 115.87979379575539,
    "location_to 6": 59.279924099465475,
    "location_to 7": 34.19204087911122,
    "location_to 8": 39.6748887632952,
    "location_to 10": 86.99943329943834,
    "location_to 11": 33.231140755455016,
    "location_to 12": 20.694317421428,
    "location_to 13": 27.801740951794798,
    "location_to 14": 107.31328863050803,
    "location_to 15": 100.05741553261937,
    "location_to 16": 53.49810685931665,
    "location_to 17": 92.12567695181114,
    "location_to 18": 52.56380249433394,
    "location_to 19": 88.32868857425231
  },