{
  "location 0": {
    "location_to 1": 11.274102062279688,
    "location_to 2": 86.07800920554556,
    "location_to 3": 53.3554922121229,
    "location_to 4": 79.03707800990793,
    "location_to 5": 84.79578541667114,
    "location_to 6": 29.230921864693634,
    "location_to 7": 59.25878217425826,
    "location_to 8": 88.18075104972627,
    "location_to 9": 15.821988580907655,
    "location_to 10": 11.017124115600573,
    "location_to 11": 67.91102618106291,
    "location_to 12": 25.206279113953844,
    "location_to 13": 47.43709135294489,
    "location_to 14": 61.91152547331258,
    "location_to 15": 18.82464270147284,
    "location_to 16": 66.04055938791214,
    "location_to 17": 52.72754642726889,
    "location_to 18": 63.02860674504633,
    "location_to 19": 33.51364563756334
  },
  "location 1": {
    "location_to 0": 11.274102062279688,
    "location_to 2": 93.02975421011568,
    "location_to 3": 54.98198298742079,
    "location_to 4": 68.86272988144614,
    "location_to 5": 93.00022882350333,
    "location_to 6": 18.720813862281105,
    "location_to 7": 58.17826808736308,
    "location_to 8": 97.02467376009334,
    "location_to 9": 21.41807685552125,
    "location_to 10": 19.65651713337397,
    "location_to 11": 79.17906323670296,
    "location_to 12": 31.667624958534617,
    "location_to 13": 55.83354813355586,
    "location_to 14": 71.03342807057633,
    "location_to 15": 25.62884893217497,
    "location_to 16": 67.94429506799406,
    "location_to 17": 51.440479400013366,
    "location_to 18": 74.29293950563786,
    "location_to 19": 25.402708471074288
  },
  "location 2": {
    "location_to 0": 86.07800920554556,
    "location_to 1": 93.02975421011568,
    "location_to 3": 50.37831424742862,
    "location_to 4": 127.91747331551136,
    "location_to 5": 13.425166095010628,
    "location_to 6": 99.2603994926796,
    "location_to 7": 62.05474068890235,
    "location_to 8": 21.759315169016613,
    "location_to 9": 97.31499709501686,
    "location_to 10": 75.0649517202266,
    "location_to 11": 75.02871548960542,
    "location_to 12": 61.427191886895045,
    "location_to 13": 39.81241487331607,
    "location_to 14": 31.47249489950115,
    "location_to 15": 96.97923576528147,
    "location_to 16": 44.143803056502975,
    "location_to 17": 64.02567162370165,
    "location_to 18": 74.4225965411749,
    "location_to 19": 91.47153358632481
  },
  "location 3": {
    "location_to 0": 53.3554922121229,
    "location_to 1": 54.98198298742079,
    "location_to 2": 50.37831424742862,
    "location_to 4": 77.60170077402537,
    "location_to 5": 57.375254347903905,
    "location_to 6": 54.07446124943679,
    "location_to 7": 14.296286862679546,
    "location_to 8": 64.95044176073438,
    "location_to 9": 68.73159044032082,
    "location_to 10": 44.32243176989562,
    "location_to 11": 86.13598394136,
    "location_to 12": 31.628788874782153,
    "location_to 13": 36.084330930042356,
    "location_to 14": 48.16678552784897,
    "location_to 15": 70.67609862889148,
    "location_to 16": 12.965846389836122,
    "location_to 17": 13.88731684273011,
    "location_to 18": 82.75705193757216,
    "location_to 19": 44.108762014867814
  },
  "location 4": {
    "location_to 0": 79.03707800990793,
    "location_to 1": 68.86272988144614,
    "location_to 2": 127.91747331551136,
    "location_to 3": 77.60170077402537,
    "location_to 5": 134.60835142751142,
    "location_to 6": 50.1438181345625,
    "location_to 7": 66.57231482587191,
    "location_to 8": 141.70158765976464,
    "location_to 9": 89.43011968863145,
    "location_to 10": 81.67792116942309,
    "location_to 11": 144.3441863279639,
    "location_to 12": 83.51180649366897,
    "location_to 13": 105.2209823170864,
    "location_to 14": 120.73116305302872,
    "location_to 15": 93.89370306574497,
    "location_to 16": 85.14452729563864,
    "location_to 17": 63.894474398266844,
    "location_to 18": 139.6933502449765,
    "location_to 19": 47.017423616121306
  },
  "location 5": {
    "location_to 0": 84.79578541667114,
    "location_to 1": 93.00022882350333,
    "location_to 2": 13.425166095010628,
    "location_to 3": 57.375254347903905,
    "location_to 4": 134.60835142751142,
    "location_to 6": 101.6083506363913,
    "location_to 7": 70.37062833485714,
    "location_to 8": 8.694563436764643,
    "location_to 9": 94.2851005238008,
    "location_to 10": 73.98740592231752,
    "location_to 11": 63.86415976408934,
    "location_to 12": 61.53701951445815,
    "location_to 13": 37.360909340042525,
    "location_to 14": 24.490993616561223,
    "location_to 15": 93.33994517581051,
    "location_to 16": 53.60871664005881,
    "location_to 17": 71.26250773197452,
    "location_to 18": 63.8163387158331,
    "location_to 19": 95.07042728864234
  },
  "location 6": {
    "location_to 0": 29.230921864693634,
    "location_to 1": 18.720813862281105,
    "location_to 2": 99.2603994926796,
    "location_to 3": 54.07446124943679,
    "location_to 4": 50.1438181345625,
    "location_to 5": 101.6083506363913,
    "location_to 7": 52.481407039302525,
    "location_to 8": 106.83699737020854,
    "location_to 9": 39.57795093955161,
    "location_to 10": 34.11163358750975,
    "location_to 11": 96.46729854725659,
    "location_to 12": 41.24710430186404,
    "location_to 13": 66.06146052317285,
    "location_to 14": 82.01258887982351,
    "location_to 15": 43.969075057178266,
    "location_to 16": 66.51164104247906,
    "location_to 17": 46.02955129705614,
    "location_to 18": 91.64928754692457,
    "location_to 19": 11.707299375601215
  },
  "location 7": {
    "location_to 0": 59.25878217425826,
    "location_to 1": 58.17826808736308,
    "location_to 2": 62.05474068890235,
    "location_to 3": 14.296286862679546,
    "location_to 4": 66.57231482587191,
    "location_to 5": 70.37062833485714,
    "location_to 6": 52.481407039302525,
    "location_to 8": 78.27298018970932,
    "location_to 9": 75.07145190220551,
    "location_to 10": 52.004643956120944,
    "location_to 11": 99.66053674240973,
    "location_to 12": 41.58644369208675,
    "location_to 13": 50.15723814252778,
    "location_to 14": 62.45236071053644,
    "location_to 15": 77.69091379919014,
    "location_to 16": 18.573771757534974,
    "location_to 17": 6.746231379718288,
    "location_to 18": 96.09377097380323,
    "location_to 19": 41.15293371823247
  },
  "location 8": {
    "location_to 0": 88.18075104972627,
    "location_to 1": 97.02467376009334,
    "location_to 2": 21.759315169016613,
    "location_to 3": 64.95044176073438,
    "location_to 4": 141.70158765976464,
    "location_to 5": 8.694563436764643,
    "location_to 6": 106.83699737020854,
    "location_to 7": 78.27298018970932,
    "location_to 9": 96.48469119375359,
    "location_to 10": 77.63393026280194,
    "location_to 11": 59.73531687967915,
    "location_to 12": 66.05940706360454,
    "location_to 13": 41.243950950937126,
    "location_to 14": 26.34962001832784,
    "location_to 15": 95.1493171057508,
    "location_to 16": 61.91062516665764,
    "location_to 17": 78.80703694668998,
    "location_to 18": 60.30786688079509,
    "location_to 19": 100.95531152873792
  },
  "location 9": {
    "location_to 0": 15.821988580907655,
    "location_to 1": 21.41807685552125,
    "location_to 2": 97.31499709501686,
    "location_to 3": 68.73159044032082,
    "location_to 4": 89.43011968863145,
    "location_to 5": 94.2851005238008,
    "location_to 6": 39.57795093955161,
    "location_to 7": 75.07145190220551,
    "location_to 8": 96.48469119375359,
    "location_to 10": 24.69749972990387,
    "location_to 11": 65.56492208491048,
    "location_to 12": 38.891963763285894,
    "location_to 13": 57.61358221448711,
    "location_to 14": 70.25293620349731,
    "location_to 15": 4.519258964500997,
    "location_to 16": 81.22835989668965,
    "location_to 17": 68.54910499790701,
    "location_to 18": 60.672621592840024,
    "location_to 19": 46.75183036309143
  },